image_path,filename,part,quality,index,split,image_size
train\major_defect\bumper_major_defect_00_0160.jpg,bumper_major_defect_00_0160.jpg,bumper,major_defect,0,train,"[256, 256]"
train\major_defect\bumper_major_defect_01_0161.jpg,bumper_major_defect_01_0161.jpg,bumper,major_defect,1,train,"[256, 256]"
train\major_defect\bumper_major_defect_02_0162.jpg,bumper_major_defect_02_0162.jpg,bumper,major_defect,2,train,"[256, 256]"
train\major_defect\bumper_major_defect_05_0165.jpg,bumper_major_defect_05_0165.jpg,bumper,major_defect,5,train,"[256, 256]"
train\major_defect\bumper_major_defect_06_0166.jpg,bumper_major_defect_06_0166.jpg,bumper,major_defect,6,train,"[256, 256]"
train\major_defect\bumper_major_defect_07_0167.jpg,bumper_major_defect_07_0167.jpg,bumper,major_defect,7,train,"[256, 256]"
train\major_defect\bumper_major_defect_08_0168.jpg,bumper_major_defect_08_0168.jpg,bumper,major_defect,8,train,"[256, 256]"
train\major_defect\bumper_major_defect_09_0169.jpg,bumper_major_defect_09_0169.jpg,bumper,major_defect,9,train,"[256, 256]"
train\major_defect\bumper_major_defect_11_0171.jpg,bumper_major_defect_11_0171.jpg,bumper,major_defect,11,train,"[256, 256]"
train\major_defect\bumper_major_defect_12_0172.jpg,bumper_major_defect_12_0172.jpg,bumper,major_defect,12,train,"[256, 256]"
train\major_defect\bumper_major_defect_13_0173.jpg,bumper_major_defect_13_0173.jpg,bumper,major_defect,13,train,"[256, 256]"
train\major_defect\bumper_major_defect_15_0175.jpg,bumper_major_defect_15_0175.jpg,bumper,major_defect,15,train,"[256, 256]"
train\major_defect\bumper_major_defect_16_0176.jpg,bumper_major_defect_16_0176.jpg,bumper,major_defect,16,train,"[256, 256]"
train\major_defect\bumper_major_defect_17_0177.jpg,bumper_major_defect_17_0177.jpg,bumper,major_defect,17,train,"[256, 256]"
train\major_defect\bumper_major_defect_18_0178.jpg,bumper_major_defect_18_0178.jpg,bumper,major_defect,18,train,"[256, 256]"
train\major_defect\bumper_major_defect_19_0179.jpg,bumper_major_defect_19_0179.jpg,bumper,major_defect,19,train,"[256, 256]"
train\major_defect\door_major_defect_00_0040.jpg,door_major_defect_00_0040.jpg,door,major_defect,0,train,"[256, 256]"
train\major_defect\door_major_defect_01_0041.jpg,door_major_defect_01_0041.jpg,door,major_defect,1,train,"[256, 256]"
train\major_defect\door_major_defect_02_0042.jpg,door_major_defect_02_0042.jpg,door,major_defect,2,train,"[256, 256]"
train\major_defect\door_major_defect_03_0043.jpg,door_major_defect_03_0043.jpg,door,major_defect,3,train,"[256, 256]"
train\major_defect\door_major_defect_04_0044.jpg,door_major_defect_04_0044.jpg,door,major_defect,4,train,"[256, 256]"
train\major_defect\door_major_defect_05_0045.jpg,door_major_defect_05_0045.jpg,door,major_defect,5,train,"[256, 256]"
train\major_defect\door_major_defect_06_0046.jpg,door_major_defect_06_0046.jpg,door,major_defect,6,train,"[256, 256]"
train\major_defect\door_major_defect_07_0047.jpg,door_major_defect_07_0047.jpg,door,major_defect,7,train,"[256, 256]"
train\major_defect\door_major_defect_08_0048.jpg,door_major_defect_08_0048.jpg,door,major_defect,8,train,"[256, 256]"
train\major_defect\door_major_defect_09_0049.jpg,door_major_defect_09_0049.jpg,door,major_defect,9,train,"[256, 256]"
train\major_defect\door_major_defect_10_0050.jpg,door_major_defect_10_0050.jpg,door,major_defect,10,train,"[256, 256]"
train\major_defect\door_major_defect_11_0051.jpg,door_major_defect_11_0051.jpg,door,major_defect,11,train,"[256, 256]"
train\major_defect\door_major_defect_12_0052.jpg,door_major_defect_12_0052.jpg,door,major_defect,12,train,"[256, 256]"
train\major_defect\door_major_defect_14_0054.jpg,door_major_defect_14_0054.jpg,door,major_defect,14,train,"[256, 256]"
train\major_defect\door_major_defect_15_0055.jpg,door_major_defect_15_0055.jpg,door,major_defect,15,train,"[256, 256]"
train\major_defect\door_major_defect_16_0056.jpg,door_major_defect_16_0056.jpg,door,major_defect,16,train,"[256, 256]"
train\major_defect\door_major_defect_17_0057.jpg,door_major_defect_17_0057.jpg,door,major_defect,17,train,"[256, 256]"
train\major_defect\door_major_defect_18_0058.jpg,door_major_defect_18_0058.jpg,door,major_defect,18,train,"[256, 256]"
train\major_defect\door_major_defect_19_0059.jpg,door_major_defect_19_0059.jpg,door,major_defect,19,train,"[256, 256]"
train\major_defect\fender_major_defect_01_0221.jpg,fender_major_defect_01_0221.jpg,fender,major_defect,1,train,"[256, 256]"
train\major_defect\fender_major_defect_02_0222.jpg,fender_major_defect_02_0222.jpg,fender,major_defect,2,train,"[256, 256]"
train\major_defect\fender_major_defect_03_0223.jpg,fender_major_defect_03_0223.jpg,fender,major_defect,3,train,"[256, 256]"
train\major_defect\fender_major_defect_04_0224.jpg,fender_major_defect_04_0224.jpg,fender,major_defect,4,train,"[256, 256]"
train\major_defect\fender_major_defect_05_0225.jpg,fender_major_defect_05_0225.jpg,fender,major_defect,5,train,"[256, 256]"
train\major_defect\fender_major_defect_06_0226.jpg,fender_major_defect_06_0226.jpg,fender,major_defect,6,train,"[256, 256]"
train\major_defect\fender_major_defect_08_0228.jpg,fender_major_defect_08_0228.jpg,fender,major_defect,8,train,"[256, 256]"
train\major_defect\fender_major_defect_10_0230.jpg,fender_major_defect_10_0230.jpg,fender,major_defect,10,train,"[256, 256]"
train\major_defect\fender_major_defect_11_0231.jpg,fender_major_defect_11_0231.jpg,fender,major_defect,11,train,"[256, 256]"
train\major_defect\fender_major_defect_12_0232.jpg,fender_major_defect_12_0232.jpg,fender,major_defect,12,train,"[256, 256]"
train\major_defect\fender_major_defect_13_0233.jpg,fender_major_defect_13_0233.jpg,fender,major_defect,13,train,"[256, 256]"
train\major_defect\fender_major_defect_14_0234.jpg,fender_major_defect_14_0234.jpg,fender,major_defect,14,train,"[256, 256]"
train\major_defect\fender_major_defect_15_0235.jpg,fender_major_defect_15_0235.jpg,fender,major_defect,15,train,"[256, 256]"
train\major_defect\fender_major_defect_17_0237.jpg,fender_major_defect_17_0237.jpg,fender,major_defect,17,train,"[256, 256]"
train\major_defect\fender_major_defect_18_0238.jpg,fender_major_defect_18_0238.jpg,fender,major_defect,18,train,"[256, 256]"
train\major_defect\fender_major_defect_19_0239.jpg,fender_major_defect_19_0239.jpg,fender,major_defect,19,train,"[256, 256]"
train\major_defect\headlight_major_defect_01_0521.jpg,headlight_major_defect_01_0521.jpg,headlight,major_defect,1,train,"[256, 256]"
train\major_defect\headlight_major_defect_02_0522.jpg,headlight_major_defect_02_0522.jpg,headlight,major_defect,2,train,"[256, 256]"
train\major_defect\headlight_major_defect_03_0523.jpg,headlight_major_defect_03_0523.jpg,headlight,major_defect,3,train,"[256, 256]"
train\major_defect\headlight_major_defect_04_0524.jpg,headlight_major_defect_04_0524.jpg,headlight,major_defect,4,train,"[256, 256]"
train\major_defect\headlight_major_defect_05_0525.jpg,headlight_major_defect_05_0525.jpg,headlight,major_defect,5,train,"[256, 256]"
train\major_defect\headlight_major_defect_07_0527.jpg,headlight_major_defect_07_0527.jpg,headlight,major_defect,7,train,"[256, 256]"
train\major_defect\headlight_major_defect_08_0528.jpg,headlight_major_defect_08_0528.jpg,headlight,major_defect,8,train,"[256, 256]"
train\major_defect\headlight_major_defect_09_0529.jpg,headlight_major_defect_09_0529.jpg,headlight,major_defect,9,train,"[256, 256]"
train\major_defect\headlight_major_defect_10_0530.jpg,headlight_major_defect_10_0530.jpg,headlight,major_defect,10,train,"[256, 256]"
train\major_defect\headlight_major_defect_11_0531.jpg,headlight_major_defect_11_0531.jpg,headlight,major_defect,11,train,"[256, 256]"
train\major_defect\headlight_major_defect_12_0532.jpg,headlight_major_defect_12_0532.jpg,headlight,major_defect,12,train,"[256, 256]"
train\major_defect\headlight_major_defect_13_0533.jpg,headlight_major_defect_13_0533.jpg,headlight,major_defect,13,train,"[256, 256]"
train\major_defect\headlight_major_defect_14_0534.jpg,headlight_major_defect_14_0534.jpg,headlight,major_defect,14,train,"[256, 256]"
train\major_defect\headlight_major_defect_15_0535.jpg,headlight_major_defect_15_0535.jpg,headlight,major_defect,15,train,"[256, 256]"
train\major_defect\headlight_major_defect_16_0536.jpg,headlight_major_defect_16_0536.jpg,headlight,major_defect,16,train,"[256, 256]"
train\major_defect\headlight_major_defect_17_0537.jpg,headlight_major_defect_17_0537.jpg,headlight,major_defect,17,train,"[256, 256]"
train\major_defect\headlight_major_defect_18_0538.jpg,headlight_major_defect_18_0538.jpg,headlight,major_defect,18,train,"[256, 256]"
train\major_defect\headlight_major_defect_19_0539.jpg,headlight_major_defect_19_0539.jpg,headlight,major_defect,19,train,"[256, 256]"
train\major_defect\hood_major_defect_00_0100.jpg,hood_major_defect_00_0100.jpg,hood,major_defect,0,train,"[256, 256]"
train\major_defect\hood_major_defect_01_0101.jpg,hood_major_defect_01_0101.jpg,hood,major_defect,1,train,"[256, 256]"
train\major_defect\hood_major_defect_02_0102.jpg,hood_major_defect_02_0102.jpg,hood,major_defect,2,train,"[256, 256]"
train\major_defect\hood_major_defect_03_0103.jpg,hood_major_defect_03_0103.jpg,hood,major_defect,3,train,"[256, 256]"
train\major_defect\hood_major_defect_04_0104.jpg,hood_major_defect_04_0104.jpg,hood,major_defect,4,train,"[256, 256]"
train\major_defect\hood_major_defect_05_0105.jpg,hood_major_defect_05_0105.jpg,hood,major_defect,5,train,"[256, 256]"
train\major_defect\hood_major_defect_06_0106.jpg,hood_major_defect_06_0106.jpg,hood,major_defect,6,train,"[256, 256]"
train\major_defect\hood_major_defect_07_0107.jpg,hood_major_defect_07_0107.jpg,hood,major_defect,7,train,"[256, 256]"
train\major_defect\hood_major_defect_08_0108.jpg,hood_major_defect_08_0108.jpg,hood,major_defect,8,train,"[256, 256]"
train\major_defect\hood_major_defect_11_0111.jpg,hood_major_defect_11_0111.jpg,hood,major_defect,11,train,"[256, 256]"
train\major_defect\hood_major_defect_12_0112.jpg,hood_major_defect_12_0112.jpg,hood,major_defect,12,train,"[256, 256]"
train\major_defect\hood_major_defect_13_0113.jpg,hood_major_defect_13_0113.jpg,hood,major_defect,13,train,"[256, 256]"
train\major_defect\hood_major_defect_16_0116.jpg,hood_major_defect_16_0116.jpg,hood,major_defect,16,train,"[256, 256]"
train\major_defect\hood_major_defect_17_0117.jpg,hood_major_defect_17_0117.jpg,hood,major_defect,17,train,"[256, 256]"
train\major_defect\hood_major_defect_18_0118.jpg,hood_major_defect_18_0118.jpg,hood,major_defect,18,train,"[256, 256]"
train\major_defect\hood_major_defect_19_0119.jpg,hood_major_defect_19_0119.jpg,hood,major_defect,19,train,"[256, 256]"
train\major_defect\roof_top_inside_major_defect_00_0700.jpg,roof_top_inside_major_defect_00_0700.jpg,roof_top_inside,major_defect,0,train,"[256, 256]"
train\major_defect\roof_top_inside_major_defect_03_0703.jpg,roof_top_inside_major_defect_03_0703.jpg,roof_top_inside,major_defect,3,train,"[256, 256]"
train\major_defect\roof_top_inside_major_defect_04_0704.jpg,roof_top_inside_major_defect_04_0704.jpg,roof_top_inside,major_defect,4,train,"[256, 256]"
train\major_defect\roof_top_inside_major_defect_05_0705.jpg,roof_top_inside_major_defect_05_0705.jpg,roof_top_inside,major_defect,5,train,"[256, 256]"
train\major_defect\roof_top_inside_major_defect_06_0706.jpg,roof_top_inside_major_defect_06_0706.jpg,roof_top_inside,major_defect,6,train,"[256, 256]"
train\major_defect\roof_top_inside_major_defect_07_0707.jpg,roof_top_inside_major_defect_07_0707.jpg,roof_top_inside,major_defect,7,train,"[256, 256]"
train\major_defect\roof_top_inside_major_defect_08_0708.jpg,roof_top_inside_major_defect_08_0708.jpg,roof_top_inside,major_defect,8,train,"[256, 256]"
train\major_defect\roof_top_inside_major_defect_09_0709.jpg,roof_top_inside_major_defect_09_0709.jpg,roof_top_inside,major_defect,9,train,"[256, 256]"
train\major_defect\roof_top_inside_major_defect_10_0710.jpg,roof_top_inside_major_defect_10_0710.jpg,roof_top_inside,major_defect,10,train,"[256, 256]"
train\major_defect\roof_top_inside_major_defect_11_0711.jpg,roof_top_inside_major_defect_11_0711.jpg,roof_top_inside,major_defect,11,train,"[256, 256]"
train\major_defect\roof_top_inside_major_defect_13_0713.jpg,roof_top_inside_major_defect_13_0713.jpg,roof_top_inside,major_defect,13,train,"[256, 256]"
train\major_defect\roof_top_inside_major_defect_14_0714.jpg,roof_top_inside_major_defect_14_0714.jpg,roof_top_inside,major_defect,14,train,"[256, 256]"
train\major_defect\roof_top_inside_major_defect_15_0715.jpg,roof_top_inside_major_defect_15_0715.jpg,roof_top_inside,major_defect,15,train,"[256, 256]"
train\major_defect\roof_top_inside_major_defect_16_0716.jpg,roof_top_inside_major_defect_16_0716.jpg,roof_top_inside,major_defect,16,train,"[256, 256]"
train\major_defect\roof_top_inside_major_defect_17_0717.jpg,roof_top_inside_major_defect_17_0717.jpg,roof_top_inside,major_defect,17,train,"[256, 256]"
train\major_defect\roof_top_inside_major_defect_18_0718.jpg,roof_top_inside_major_defect_18_0718.jpg,roof_top_inside,major_defect,18,train,"[256, 256]"
train\major_defect\roof_top_inside_major_defect_19_0719.jpg,roof_top_inside_major_defect_19_0719.jpg,roof_top_inside,major_defect,19,train,"[256, 256]"
train\major_defect\roof_top_outside_major_defect_00_0760.jpg,roof_top_outside_major_defect_00_0760.jpg,roof_top_outside,major_defect,0,train,"[256, 256]"
train\major_defect\roof_top_outside_major_defect_01_0761.jpg,roof_top_outside_major_defect_01_0761.jpg,roof_top_outside,major_defect,1,train,"[256, 256]"
train\major_defect\roof_top_outside_major_defect_02_0762.jpg,roof_top_outside_major_defect_02_0762.jpg,roof_top_outside,major_defect,2,train,"[256, 256]"
train\major_defect\roof_top_outside_major_defect_03_0763.jpg,roof_top_outside_major_defect_03_0763.jpg,roof_top_outside,major_defect,3,train,"[256, 256]"
train\major_defect\roof_top_outside_major_defect_04_0764.jpg,roof_top_outside_major_defect_04_0764.jpg,roof_top_outside,major_defect,4,train,"[256, 256]"
train\major_defect\roof_top_outside_major_defect_06_0766.jpg,roof_top_outside_major_defect_06_0766.jpg,roof_top_outside,major_defect,6,train,"[256, 256]"
train\major_defect\roof_top_outside_major_defect_07_0767.jpg,roof_top_outside_major_defect_07_0767.jpg,roof_top_outside,major_defect,7,train,"[256, 256]"
train\major_defect\roof_top_outside_major_defect_08_0768.jpg,roof_top_outside_major_defect_08_0768.jpg,roof_top_outside,major_defect,8,train,"[256, 256]"
train\major_defect\roof_top_outside_major_defect_10_0770.jpg,roof_top_outside_major_defect_10_0770.jpg,roof_top_outside,major_defect,10,train,"[256, 256]"
train\major_defect\roof_top_outside_major_defect_11_0771.jpg,roof_top_outside_major_defect_11_0771.jpg,roof_top_outside,major_defect,11,train,"[256, 256]"
train\major_defect\roof_top_outside_major_defect_12_0772.jpg,roof_top_outside_major_defect_12_0772.jpg,roof_top_outside,major_defect,12,train,"[256, 256]"
train\major_defect\roof_top_outside_major_defect_13_0773.jpg,roof_top_outside_major_defect_13_0773.jpg,roof_top_outside,major_defect,13,train,"[256, 256]"
train\major_defect\roof_top_outside_major_defect_14_0774.jpg,roof_top_outside_major_defect_14_0774.jpg,roof_top_outside,major_defect,14,train,"[256, 256]"
train\major_defect\roof_top_outside_major_defect_15_0775.jpg,roof_top_outside_major_defect_15_0775.jpg,roof_top_outside,major_defect,15,train,"[256, 256]"
train\major_defect\roof_top_outside_major_defect_18_0778.jpg,roof_top_outside_major_defect_18_0778.jpg,roof_top_outside,major_defect,18,train,"[256, 256]"
train\major_defect\roof_top_outside_major_defect_19_0779.jpg,roof_top_outside_major_defect_19_0779.jpg,roof_top_outside,major_defect,19,train,"[256, 256]"
train\major_defect\side_mirror_major_defect_00_0400.jpg,side_mirror_major_defect_00_0400.jpg,side_mirror,major_defect,0,train,"[256, 256]"
train\major_defect\side_mirror_major_defect_01_0401.jpg,side_mirror_major_defect_01_0401.jpg,side_mirror,major_defect,1,train,"[256, 256]"
train\major_defect\side_mirror_major_defect_02_0402.jpg,side_mirror_major_defect_02_0402.jpg,side_mirror,major_defect,2,train,"[256, 256]"
train\major_defect\side_mirror_major_defect_04_0404.jpg,side_mirror_major_defect_04_0404.jpg,side_mirror,major_defect,4,train,"[256, 256]"
train\major_defect\side_mirror_major_defect_05_0405.jpg,side_mirror_major_defect_05_0405.jpg,side_mirror,major_defect,5,train,"[256, 256]"
train\major_defect\side_mirror_major_defect_06_0406.jpg,side_mirror_major_defect_06_0406.jpg,side_mirror,major_defect,6,train,"[256, 256]"
train\major_defect\side_mirror_major_defect_07_0407.jpg,side_mirror_major_defect_07_0407.jpg,side_mirror,major_defect,7,train,"[256, 256]"
train\major_defect\side_mirror_major_defect_08_0408.jpg,side_mirror_major_defect_08_0408.jpg,side_mirror,major_defect,8,train,"[256, 256]"
train\major_defect\side_mirror_major_defect_09_0409.jpg,side_mirror_major_defect_09_0409.jpg,side_mirror,major_defect,9,train,"[256, 256]"
train\major_defect\side_mirror_major_defect_11_0411.jpg,side_mirror_major_defect_11_0411.jpg,side_mirror,major_defect,11,train,"[256, 256]"
train\major_defect\side_mirror_major_defect_12_0412.jpg,side_mirror_major_defect_12_0412.jpg,side_mirror,major_defect,12,train,"[256, 256]"
train\major_defect\side_mirror_major_defect_13_0413.jpg,side_mirror_major_defect_13_0413.jpg,side_mirror,major_defect,13,train,"[256, 256]"
train\major_defect\side_mirror_major_defect_14_0414.jpg,side_mirror_major_defect_14_0414.jpg,side_mirror,major_defect,14,train,"[256, 256]"
train\major_defect\side_mirror_major_defect_15_0415.jpg,side_mirror_major_defect_15_0415.jpg,side_mirror,major_defect,15,train,"[256, 256]"
train\major_defect\side_mirror_major_defect_16_0416.jpg,side_mirror_major_defect_16_0416.jpg,side_mirror,major_defect,16,train,"[256, 256]"
train\major_defect\side_mirror_major_defect_17_0417.jpg,side_mirror_major_defect_17_0417.jpg,side_mirror,major_defect,17,train,"[256, 256]"
train\major_defect\side_mirror_major_defect_19_0419.jpg,side_mirror_major_defect_19_0419.jpg,side_mirror,major_defect,19,train,"[256, 256]"
train\major_defect\trunk_major_defect_00_0460.jpg,trunk_major_defect_00_0460.jpg,trunk,major_defect,0,train,"[256, 256]"
train\major_defect\trunk_major_defect_01_0461.jpg,trunk_major_defect_01_0461.jpg,trunk,major_defect,1,train,"[256, 256]"
train\major_defect\trunk_major_defect_02_0462.jpg,trunk_major_defect_02_0462.jpg,trunk,major_defect,2,train,"[256, 256]"
train\major_defect\trunk_major_defect_03_0463.jpg,trunk_major_defect_03_0463.jpg,trunk,major_defect,3,train,"[256, 256]"
train\major_defect\trunk_major_defect_04_0464.jpg,trunk_major_defect_04_0464.jpg,trunk,major_defect,4,train,"[256, 256]"
train\major_defect\trunk_major_defect_05_0465.jpg,trunk_major_defect_05_0465.jpg,trunk,major_defect,5,train,"[256, 256]"
train\major_defect\trunk_major_defect_06_0466.jpg,trunk_major_defect_06_0466.jpg,trunk,major_defect,6,train,"[256, 256]"
train\major_defect\trunk_major_defect_07_0467.jpg,trunk_major_defect_07_0467.jpg,trunk,major_defect,7,train,"[256, 256]"
train\major_defect\trunk_major_defect_08_0468.jpg,trunk_major_defect_08_0468.jpg,trunk,major_defect,8,train,"[256, 256]"
train\major_defect\trunk_major_defect_09_0469.jpg,trunk_major_defect_09_0469.jpg,trunk,major_defect,9,train,"[256, 256]"
train\major_defect\trunk_major_defect_10_0470.jpg,trunk_major_defect_10_0470.jpg,trunk,major_defect,10,train,"[256, 256]"
train\major_defect\trunk_major_defect_11_0471.jpg,trunk_major_defect_11_0471.jpg,trunk,major_defect,11,train,"[256, 256]"
train\major_defect\trunk_major_defect_12_0472.jpg,trunk_major_defect_12_0472.jpg,trunk,major_defect,12,train,"[256, 256]"
train\major_defect\trunk_major_defect_13_0473.jpg,trunk_major_defect_13_0473.jpg,trunk,major_defect,13,train,"[256, 256]"
train\major_defect\trunk_major_defect_14_0474.jpg,trunk_major_defect_14_0474.jpg,trunk,major_defect,14,train,"[256, 256]"
train\major_defect\trunk_major_defect_16_0476.jpg,trunk_major_defect_16_0476.jpg,trunk,major_defect,16,train,"[256, 256]"
train\major_defect\trunk_major_defect_17_0477.jpg,trunk_major_defect_17_0477.jpg,trunk,major_defect,17,train,"[256, 256]"
train\major_defect\trunk_major_defect_19_0479.jpg,trunk_major_defect_19_0479.jpg,trunk,major_defect,19,train,"[256, 256]"
train\major_defect\wheel_major_defect_00_0340.jpg,wheel_major_defect_00_0340.jpg,wheel,major_defect,0,train,"[256, 256]"
train\major_defect\wheel_major_defect_01_0341.jpg,wheel_major_defect_01_0341.jpg,wheel,major_defect,1,train,"[256, 256]"
train\major_defect\wheel_major_defect_02_0342.jpg,wheel_major_defect_02_0342.jpg,wheel,major_defect,2,train,"[256, 256]"
train\major_defect\wheel_major_defect_03_0343.jpg,wheel_major_defect_03_0343.jpg,wheel,major_defect,3,train,"[256, 256]"
train\major_defect\wheel_major_defect_04_0344.jpg,wheel_major_defect_04_0344.jpg,wheel,major_defect,4,train,"[256, 256]"
train\major_defect\wheel_major_defect_07_0347.jpg,wheel_major_defect_07_0347.jpg,wheel,major_defect,7,train,"[256, 256]"
train\major_defect\wheel_major_defect_08_0348.jpg,wheel_major_defect_08_0348.jpg,wheel,major_defect,8,train,"[256, 256]"
train\major_defect\wheel_major_defect_09_0349.jpg,wheel_major_defect_09_0349.jpg,wheel,major_defect,9,train,"[256, 256]"
train\major_defect\wheel_major_defect_11_0351.jpg,wheel_major_defect_11_0351.jpg,wheel,major_defect,11,train,"[256, 256]"
train\major_defect\wheel_major_defect_13_0353.jpg,wheel_major_defect_13_0353.jpg,wheel,major_defect,13,train,"[256, 256]"
train\major_defect\wheel_major_defect_15_0355.jpg,wheel_major_defect_15_0355.jpg,wheel,major_defect,15,train,"[256, 256]"
train\major_defect\wheel_major_defect_17_0357.jpg,wheel_major_defect_17_0357.jpg,wheel,major_defect,17,train,"[256, 256]"
train\major_defect\wheel_major_defect_18_0358.jpg,wheel_major_defect_18_0358.jpg,wheel,major_defect,18,train,"[256, 256]"
train\major_defect\wheel_major_defect_19_0359.jpg,wheel_major_defect_19_0359.jpg,wheel,major_defect,19,train,"[256, 256]"
train\major_defect\whole_car_major_defect_00_0580.jpg,whole_car_major_defect_00_0580.jpg,whole_car,major_defect,0,train,"[256, 256]"
train\major_defect\whole_car_major_defect_03_0583.jpg,whole_car_major_defect_03_0583.jpg,whole_car,major_defect,3,train,"[256, 256]"
train\major_defect\whole_car_major_defect_05_0585.jpg,whole_car_major_defect_05_0585.jpg,whole_car,major_defect,5,train,"[256, 256]"
train\major_defect\whole_car_major_defect_06_0586.jpg,whole_car_major_defect_06_0586.jpg,whole_car,major_defect,6,train,"[256, 256]"
train\major_defect\whole_car_major_defect_07_0587.jpg,whole_car_major_defect_07_0587.jpg,whole_car,major_defect,7,train,"[256, 256]"
train\major_defect\whole_car_major_defect_08_0588.jpg,whole_car_major_defect_08_0588.jpg,whole_car,major_defect,8,train,"[256, 256]"
train\major_defect\whole_car_major_defect_09_0589.jpg,whole_car_major_defect_09_0589.jpg,whole_car,major_defect,9,train,"[256, 256]"
train\major_defect\whole_car_major_defect_11_0591.jpg,whole_car_major_defect_11_0591.jpg,whole_car,major_defect,11,train,"[256, 256]"
train\major_defect\whole_car_major_defect_12_0592.jpg,whole_car_major_defect_12_0592.jpg,whole_car,major_defect,12,train,"[256, 256]"
train\major_defect\whole_car_major_defect_13_0593.jpg,whole_car_major_defect_13_0593.jpg,whole_car,major_defect,13,train,"[256, 256]"
train\major_defect\whole_car_major_defect_14_0594.jpg,whole_car_major_defect_14_0594.jpg,whole_car,major_defect,14,train,"[256, 256]"
train\major_defect\whole_car_major_defect_16_0596.jpg,whole_car_major_defect_16_0596.jpg,whole_car,major_defect,16,train,"[256, 256]"
train\major_defect\whole_car_major_defect_17_0597.jpg,whole_car_major_defect_17_0597.jpg,whole_car,major_defect,17,train,"[256, 256]"
train\major_defect\whole_car_major_defect_18_0598.jpg,whole_car_major_defect_18_0598.jpg,whole_car,major_defect,18,train,"[256, 256]"
train\major_defect\whole_car_no_mechanical_major_defect_01_0641.jpg,whole_car_no_mechanical_major_defect_01_0641.jpg,whole_car_no_mechanical,major_defect,1,train,"[256, 256]"
train\major_defect\whole_car_no_mechanical_major_defect_02_0642.jpg,whole_car_no_mechanical_major_defect_02_0642.jpg,whole_car_no_mechanical,major_defect,2,train,"[256, 256]"
train\major_defect\whole_car_no_mechanical_major_defect_03_0643.jpg,whole_car_no_mechanical_major_defect_03_0643.jpg,whole_car_no_mechanical,major_defect,3,train,"[256, 256]"
train\major_defect\whole_car_no_mechanical_major_defect_05_0645.jpg,whole_car_no_mechanical_major_defect_05_0645.jpg,whole_car_no_mechanical,major_defect,5,train,"[256, 256]"
train\major_defect\whole_car_no_mechanical_major_defect_07_0647.jpg,whole_car_no_mechanical_major_defect_07_0647.jpg,whole_car_no_mechanical,major_defect,7,train,"[256, 256]"
train\major_defect\whole_car_no_mechanical_major_defect_08_0648.jpg,whole_car_no_mechanical_major_defect_08_0648.jpg,whole_car_no_mechanical,major_defect,8,train,"[256, 256]"
train\major_defect\whole_car_no_mechanical_major_defect_09_0649.jpg,whole_car_no_mechanical_major_defect_09_0649.jpg,whole_car_no_mechanical,major_defect,9,train,"[256, 256]"
train\major_defect\whole_car_no_mechanical_major_defect_10_0650.jpg,whole_car_no_mechanical_major_defect_10_0650.jpg,whole_car_no_mechanical,major_defect,10,train,"[256, 256]"
train\major_defect\whole_car_no_mechanical_major_defect_11_0651.jpg,whole_car_no_mechanical_major_defect_11_0651.jpg,whole_car_no_mechanical,major_defect,11,train,"[256, 256]"
train\major_defect\whole_car_no_mechanical_major_defect_13_0653.jpg,whole_car_no_mechanical_major_defect_13_0653.jpg,whole_car_no_mechanical,major_defect,13,train,"[256, 256]"
train\major_defect\whole_car_no_mechanical_major_defect_15_0655.jpg,whole_car_no_mechanical_major_defect_15_0655.jpg,whole_car_no_mechanical,major_defect,15,train,"[256, 256]"
train\major_defect\whole_car_no_mechanical_major_defect_16_0656.jpg,whole_car_no_mechanical_major_defect_16_0656.jpg,whole_car_no_mechanical,major_defect,16,train,"[256, 256]"
train\major_defect\whole_car_no_mechanical_major_defect_17_0657.jpg,whole_car_no_mechanical_major_defect_17_0657.jpg,whole_car_no_mechanical,major_defect,17,train,"[256, 256]"
train\major_defect\whole_car_no_mechanical_major_defect_18_0658.jpg,whole_car_no_mechanical_major_defect_18_0658.jpg,whole_car_no_mechanical,major_defect,18,train,"[256, 256]"
train\major_defect\whole_car_no_mechanical_major_defect_19_0659.jpg,whole_car_no_mechanical_major_defect_19_0659.jpg,whole_car_no_mechanical,major_defect,19,train,"[256, 256]"
train\major_defect\windshield_major_defect_00_0280.jpg,windshield_major_defect_00_0280.jpg,windshield,major_defect,0,train,"[256, 256]"
train\major_defect\windshield_major_defect_01_0281.jpg,windshield_major_defect_01_0281.jpg,windshield,major_defect,1,train,"[256, 256]"
train\major_defect\windshield_major_defect_02_0282.jpg,windshield_major_defect_02_0282.jpg,windshield,major_defect,2,train,"[256, 256]"
train\major_defect\windshield_major_defect_03_0283.jpg,windshield_major_defect_03_0283.jpg,windshield,major_defect,3,train,"[256, 256]"
train\major_defect\windshield_major_defect_04_0284.jpg,windshield_major_defect_04_0284.jpg,windshield,major_defect,4,train,"[256, 256]"
train\major_defect\windshield_major_defect_07_0287.jpg,windshield_major_defect_07_0287.jpg,windshield,major_defect,7,train,"[256, 256]"
train\major_defect\windshield_major_defect_08_0288.jpg,windshield_major_defect_08_0288.jpg,windshield,major_defect,8,train,"[256, 256]"
train\major_defect\windshield_major_defect_09_0289.jpg,windshield_major_defect_09_0289.jpg,windshield,major_defect,9,train,"[256, 256]"
train\major_defect\windshield_major_defect_10_0290.jpg,windshield_major_defect_10_0290.jpg,windshield,major_defect,10,train,"[256, 256]"
train\major_defect\windshield_major_defect_11_0291.jpg,windshield_major_defect_11_0291.jpg,windshield,major_defect,11,train,"[256, 256]"
train\major_defect\windshield_major_defect_12_0292.jpg,windshield_major_defect_12_0292.jpg,windshield,major_defect,12,train,"[256, 256]"
train\major_defect\windshield_major_defect_13_0293.jpg,windshield_major_defect_13_0293.jpg,windshield,major_defect,13,train,"[256, 256]"
train\major_defect\windshield_major_defect_14_0294.jpg,windshield_major_defect_14_0294.jpg,windshield,major_defect,14,train,"[256, 256]"
train\major_defect\windshield_major_defect_15_0295.jpg,windshield_major_defect_15_0295.jpg,windshield,major_defect,15,train,"[256, 256]"
train\major_defect\windshield_major_defect_16_0296.jpg,windshield_major_defect_16_0296.jpg,windshield,major_defect,16,train,"[256, 256]"
train\major_defect\windshield_major_defect_17_0297.jpg,windshield_major_defect_17_0297.jpg,windshield,major_defect,17,train,"[256, 256]"
train\major_defect\windshield_major_defect_18_0298.jpg,windshield_major_defect_18_0298.jpg,windshield,major_defect,18,train,"[256, 256]"
train\minor_defect\bumper_minor_defect_00_0140.jpg,bumper_minor_defect_00_0140.jpg,bumper,minor_defect,0,train,"[256, 256]"
train\minor_defect\bumper_minor_defect_01_0141.jpg,bumper_minor_defect_01_0141.jpg,bumper,minor_defect,1,train,"[256, 256]"
train\minor_defect\bumper_minor_defect_05_0145.jpg,bumper_minor_defect_05_0145.jpg,bumper,minor_defect,5,train,"[256, 256]"
train\minor_defect\bumper_minor_defect_06_0146.jpg,bumper_minor_defect_06_0146.jpg,bumper,minor_defect,6,train,"[256, 256]"
train\minor_defect\bumper_minor_defect_07_0147.jpg,bumper_minor_defect_07_0147.jpg,bumper,minor_defect,7,train,"[256, 256]"
train\minor_defect\bumper_minor_defect_08_0148.jpg,bumper_minor_defect_08_0148.jpg,bumper,minor_defect,8,train,"[256, 256]"
train\minor_defect\bumper_minor_defect_09_0149.jpg,bumper_minor_defect_09_0149.jpg,bumper,minor_defect,9,train,"[256, 256]"
train\minor_defect\bumper_minor_defect_11_0151.jpg,bumper_minor_defect_11_0151.jpg,bumper,minor_defect,11,train,"[256, 256]"
train\minor_defect\bumper_minor_defect_12_0152.jpg,bumper_minor_defect_12_0152.jpg,bumper,minor_defect,12,train,"[256, 256]"
train\minor_defect\bumper_minor_defect_13_0153.jpg,bumper_minor_defect_13_0153.jpg,bumper,minor_defect,13,train,"[256, 256]"
train\minor_defect\bumper_minor_defect_15_0155.jpg,bumper_minor_defect_15_0155.jpg,bumper,minor_defect,15,train,"[256, 256]"
train\minor_defect\bumper_minor_defect_16_0156.jpg,bumper_minor_defect_16_0156.jpg,bumper,minor_defect,16,train,"[256, 256]"
train\minor_defect\bumper_minor_defect_17_0157.jpg,bumper_minor_defect_17_0157.jpg,bumper,minor_defect,17,train,"[256, 256]"
train\minor_defect\bumper_minor_defect_18_0158.jpg,bumper_minor_defect_18_0158.jpg,bumper,minor_defect,18,train,"[256, 256]"
train\minor_defect\bumper_minor_defect_19_0159.jpg,bumper_minor_defect_19_0159.jpg,bumper,minor_defect,19,train,"[256, 256]"
train\minor_defect\door_minor_defect_05_0025.jpg,door_minor_defect_05_0025.jpg,door,minor_defect,5,train,"[256, 256]"
train\minor_defect\door_minor_defect_06_0026.jpg,door_minor_defect_06_0026.jpg,door,minor_defect,6,train,"[256, 256]"
train\minor_defect\door_minor_defect_07_0027.jpg,door_minor_defect_07_0027.jpg,door,minor_defect,7,train,"[256, 256]"
train\minor_defect\door_minor_defect_11_0031.jpg,door_minor_defect_11_0031.jpg,door,minor_defect,11,train,"[256, 256]"
train\minor_defect\door_minor_defect_15_0035.jpg,door_minor_defect_15_0035.jpg,door,minor_defect,15,train,"[256, 256]"
train\minor_defect\door_minor_defect_17_0037.jpg,door_minor_defect_17_0037.jpg,door,minor_defect,17,train,"[256, 256]"
train\minor_defect\door_minor_defect_19_0039.jpg,door_minor_defect_19_0039.jpg,door,minor_defect,19,train,"[256, 256]"
train\minor_defect\fender_minor_defect_03_0203.jpg,fender_minor_defect_03_0203.jpg,fender,minor_defect,3,train,"[256, 256]"
train\minor_defect\fender_minor_defect_04_0204.jpg,fender_minor_defect_04_0204.jpg,fender,minor_defect,4,train,"[256, 256]"
train\minor_defect\fender_minor_defect_05_0205.jpg,fender_minor_defect_05_0205.jpg,fender,minor_defect,5,train,"[256, 256]"
train\minor_defect\fender_minor_defect_07_0207.jpg,fender_minor_defect_07_0207.jpg,fender,minor_defect,7,train,"[256, 256]"
train\minor_defect\fender_minor_defect_10_0210.jpg,fender_minor_defect_10_0210.jpg,fender,minor_defect,10,train,"[256, 256]"
train\minor_defect\fender_minor_defect_11_0211.jpg,fender_minor_defect_11_0211.jpg,fender,minor_defect,11,train,"[256, 256]"
train\minor_defect\fender_minor_defect_12_0212.jpg,fender_minor_defect_12_0212.jpg,fender,minor_defect,12,train,"[256, 256]"
train\minor_defect\fender_minor_defect_13_0213.jpg,fender_minor_defect_13_0213.jpg,fender,minor_defect,13,train,"[256, 256]"
train\minor_defect\fender_minor_defect_16_0216.jpg,fender_minor_defect_16_0216.jpg,fender,minor_defect,16,train,"[256, 256]"
train\minor_defect\fender_minor_defect_17_0217.jpg,fender_minor_defect_17_0217.jpg,fender,minor_defect,17,train,"[256, 256]"
train\minor_defect\fender_minor_defect_18_0218.jpg,fender_minor_defect_18_0218.jpg,fender,minor_defect,18,train,"[256, 256]"
train\minor_defect\fender_minor_defect_19_0219.jpg,fender_minor_defect_19_0219.jpg,fender,minor_defect,19,train,"[256, 256]"
train\minor_defect\headlight_minor_defect_00_0500.jpg,headlight_minor_defect_00_0500.jpg,headlight,minor_defect,0,train,"[256, 256]"
train\minor_defect\headlight_minor_defect_01_0501.jpg,headlight_minor_defect_01_0501.jpg,headlight,minor_defect,1,train,"[256, 256]"
train\minor_defect\headlight_minor_defect_03_0503.jpg,headlight_minor_defect_03_0503.jpg,headlight,minor_defect,3,train,"[256, 256]"
train\minor_defect\headlight_minor_defect_04_0504.jpg,headlight_minor_defect_04_0504.jpg,headlight,minor_defect,4,train,"[256, 256]"
train\minor_defect\headlight_minor_defect_05_0505.jpg,headlight_minor_defect_05_0505.jpg,headlight,minor_defect,5,train,"[256, 256]"
train\minor_defect\headlight_minor_defect_06_0506.jpg,headlight_minor_defect_06_0506.jpg,headlight,minor_defect,6,train,"[256, 256]"
train\minor_defect\headlight_minor_defect_07_0507.jpg,headlight_minor_defect_07_0507.jpg,headlight,minor_defect,7,train,"[256, 256]"
train\minor_defect\headlight_minor_defect_08_0508.jpg,headlight_minor_defect_08_0508.jpg,headlight,minor_defect,8,train,"[256, 256]"
train\minor_defect\headlight_minor_defect_09_0509.jpg,headlight_minor_defect_09_0509.jpg,headlight,minor_defect,9,train,"[256, 256]"
train\minor_defect\headlight_minor_defect_10_0510.jpg,headlight_minor_defect_10_0510.jpg,headlight,minor_defect,10,train,"[256, 256]"
train\minor_defect\headlight_minor_defect_11_0511.jpg,headlight_minor_defect_11_0511.jpg,headlight,minor_defect,11,train,"[256, 256]"
train\minor_defect\headlight_minor_defect_12_0512.jpg,headlight_minor_defect_12_0512.jpg,headlight,minor_defect,12,train,"[256, 256]"
train\minor_defect\headlight_minor_defect_13_0513.jpg,headlight_minor_defect_13_0513.jpg,headlight,minor_defect,13,train,"[256, 256]"
train\minor_defect\headlight_minor_defect_16_0516.jpg,headlight_minor_defect_16_0516.jpg,headlight,minor_defect,16,train,"[256, 256]"
train\minor_defect\headlight_minor_defect_17_0517.jpg,headlight_minor_defect_17_0517.jpg,headlight,minor_defect,17,train,"[256, 256]"
train\minor_defect\headlight_minor_defect_18_0518.jpg,headlight_minor_defect_18_0518.jpg,headlight,minor_defect,18,train,"[256, 256]"
train\minor_defect\headlight_minor_defect_19_0519.jpg,headlight_minor_defect_19_0519.jpg,headlight,minor_defect,19,train,"[256, 256]"
train\minor_defect\hood_minor_defect_00_0080.jpg,hood_minor_defect_00_0080.jpg,hood,minor_defect,0,train,"[256, 256]"
train\minor_defect\hood_minor_defect_01_0081.jpg,hood_minor_defect_01_0081.jpg,hood,minor_defect,1,train,"[256, 256]"
train\minor_defect\hood_minor_defect_02_0082.jpg,hood_minor_defect_02_0082.jpg,hood,minor_defect,2,train,"[256, 256]"
train\minor_defect\hood_minor_defect_04_0084.jpg,hood_minor_defect_04_0084.jpg,hood,minor_defect,4,train,"[256, 256]"
train\minor_defect\hood_minor_defect_05_0085.jpg,hood_minor_defect_05_0085.jpg,hood,minor_defect,5,train,"[256, 256]"
train\minor_defect\hood_minor_defect_07_0087.jpg,hood_minor_defect_07_0087.jpg,hood,minor_defect,7,train,"[256, 256]"
train\minor_defect\hood_minor_defect_08_0088.jpg,hood_minor_defect_08_0088.jpg,hood,minor_defect,8,train,"[256, 256]"
train\minor_defect\hood_minor_defect_09_0089.jpg,hood_minor_defect_09_0089.jpg,hood,minor_defect,9,train,"[256, 256]"
train\minor_defect\hood_minor_defect_10_0090.jpg,hood_minor_defect_10_0090.jpg,hood,minor_defect,10,train,"[256, 256]"
train\minor_defect\hood_minor_defect_11_0091.jpg,hood_minor_defect_11_0091.jpg,hood,minor_defect,11,train,"[256, 256]"
train\minor_defect\hood_minor_defect_12_0092.jpg,hood_minor_defect_12_0092.jpg,hood,minor_defect,12,train,"[256, 256]"
train\minor_defect\hood_minor_defect_13_0093.jpg,hood_minor_defect_13_0093.jpg,hood,minor_defect,13,train,"[256, 256]"
train\minor_defect\hood_minor_defect_14_0094.jpg,hood_minor_defect_14_0094.jpg,hood,minor_defect,14,train,"[256, 256]"
train\minor_defect\hood_minor_defect_15_0095.jpg,hood_minor_defect_15_0095.jpg,hood,minor_defect,15,train,"[256, 256]"
train\minor_defect\hood_minor_defect_17_0097.jpg,hood_minor_defect_17_0097.jpg,hood,minor_defect,17,train,"[256, 256]"
train\minor_defect\roof_top_inside_minor_defect_00_0680.jpg,roof_top_inside_minor_defect_00_0680.jpg,roof_top_inside,minor_defect,0,train,"[256, 256]"
train\minor_defect\roof_top_inside_minor_defect_01_0681.jpg,roof_top_inside_minor_defect_01_0681.jpg,roof_top_inside,minor_defect,1,train,"[256, 256]"
train\minor_defect\roof_top_inside_minor_defect_02_0682.jpg,roof_top_inside_minor_defect_02_0682.jpg,roof_top_inside,minor_defect,2,train,"[256, 256]"
train\minor_defect\roof_top_inside_minor_defect_03_0683.jpg,roof_top_inside_minor_defect_03_0683.jpg,roof_top_inside,minor_defect,3,train,"[256, 256]"
train\minor_defect\roof_top_inside_minor_defect_05_0685.jpg,roof_top_inside_minor_defect_05_0685.jpg,roof_top_inside,minor_defect,5,train,"[256, 256]"
train\minor_defect\roof_top_inside_minor_defect_07_0687.jpg,roof_top_inside_minor_defect_07_0687.jpg,roof_top_inside,minor_defect,7,train,"[256, 256]"
train\minor_defect\roof_top_inside_minor_defect_08_0688.jpg,roof_top_inside_minor_defect_08_0688.jpg,roof_top_inside,minor_defect,8,train,"[256, 256]"
train\minor_defect\roof_top_inside_minor_defect_09_0689.jpg,roof_top_inside_minor_defect_09_0689.jpg,roof_top_inside,minor_defect,9,train,"[256, 256]"
train\minor_defect\roof_top_inside_minor_defect_10_0690.jpg,roof_top_inside_minor_defect_10_0690.jpg,roof_top_inside,minor_defect,10,train,"[256, 256]"
train\minor_defect\roof_top_inside_minor_defect_11_0691.jpg,roof_top_inside_minor_defect_11_0691.jpg,roof_top_inside,minor_defect,11,train,"[256, 256]"
train\minor_defect\roof_top_inside_minor_defect_12_0692.jpg,roof_top_inside_minor_defect_12_0692.jpg,roof_top_inside,minor_defect,12,train,"[256, 256]"
train\minor_defect\roof_top_inside_minor_defect_14_0694.jpg,roof_top_inside_minor_defect_14_0694.jpg,roof_top_inside,minor_defect,14,train,"[256, 256]"
train\minor_defect\roof_top_inside_minor_defect_15_0695.jpg,roof_top_inside_minor_defect_15_0695.jpg,roof_top_inside,minor_defect,15,train,"[256, 256]"
train\minor_defect\roof_top_inside_minor_defect_16_0696.jpg,roof_top_inside_minor_defect_16_0696.jpg,roof_top_inside,minor_defect,16,train,"[256, 256]"
train\minor_defect\roof_top_inside_minor_defect_18_0698.jpg,roof_top_inside_minor_defect_18_0698.jpg,roof_top_inside,minor_defect,18,train,"[256, 256]"
train\minor_defect\roof_top_inside_minor_defect_19_0699.jpg,roof_top_inside_minor_defect_19_0699.jpg,roof_top_inside,minor_defect,19,train,"[256, 256]"
train\minor_defect\roof_top_outside_minor_defect_00_0740.jpg,roof_top_outside_minor_defect_00_0740.jpg,roof_top_outside,minor_defect,0,train,"[256, 256]"
train\minor_defect\roof_top_outside_minor_defect_02_0742.jpg,roof_top_outside_minor_defect_02_0742.jpg,roof_top_outside,minor_defect,2,train,"[256, 256]"
train\minor_defect\roof_top_outside_minor_defect_03_0743.jpg,roof_top_outside_minor_defect_03_0743.jpg,roof_top_outside,minor_defect,3,train,"[256, 256]"
train\minor_defect\roof_top_outside_minor_defect_07_0747.jpg,roof_top_outside_minor_defect_07_0747.jpg,roof_top_outside,minor_defect,7,train,"[256, 256]"
train\minor_defect\roof_top_outside_minor_defect_08_0748.jpg,roof_top_outside_minor_defect_08_0748.jpg,roof_top_outside,minor_defect,8,train,"[256, 256]"
train\minor_defect\roof_top_outside_minor_defect_09_0749.jpg,roof_top_outside_minor_defect_09_0749.jpg,roof_top_outside,minor_defect,9,train,"[256, 256]"
train\minor_defect\roof_top_outside_minor_defect_10_0750.jpg,roof_top_outside_minor_defect_10_0750.jpg,roof_top_outside,minor_defect,10,train,"[256, 256]"
train\minor_defect\roof_top_outside_minor_defect_15_0755.jpg,roof_top_outside_minor_defect_15_0755.jpg,roof_top_outside,minor_defect,15,train,"[256, 256]"
train\minor_defect\roof_top_outside_minor_defect_17_0757.jpg,roof_top_outside_minor_defect_17_0757.jpg,roof_top_outside,minor_defect,17,train,"[256, 256]"
train\minor_defect\roof_top_outside_minor_defect_18_0758.jpg,roof_top_outside_minor_defect_18_0758.jpg,roof_top_outside,minor_defect,18,train,"[256, 256]"
train\minor_defect\roof_top_outside_minor_defect_19_0759.jpg,roof_top_outside_minor_defect_19_0759.jpg,roof_top_outside,minor_defect,19,train,"[256, 256]"
train\minor_defect\side_mirror_minor_defect_00_0380.jpg,side_mirror_minor_defect_00_0380.jpg,side_mirror,minor_defect,0,train,"[256, 256]"
train\minor_defect\side_mirror_minor_defect_01_0381.jpg,side_mirror_minor_defect_01_0381.jpg,side_mirror,minor_defect,1,train,"[256, 256]"
train\minor_defect\side_mirror_minor_defect_02_0382.jpg,side_mirror_minor_defect_02_0382.jpg,side_mirror,minor_defect,2,train,"[256, 256]"
train\minor_defect\side_mirror_minor_defect_03_0383.jpg,side_mirror_minor_defect_03_0383.jpg,side_mirror,minor_defect,3,train,"[256, 256]"
train\minor_defect\side_mirror_minor_defect_04_0384.jpg,side_mirror_minor_defect_04_0384.jpg,side_mirror,minor_defect,4,train,"[256, 256]"
train\minor_defect\side_mirror_minor_defect_05_0385.jpg,side_mirror_minor_defect_05_0385.jpg,side_mirror,minor_defect,5,train,"[256, 256]"
train\minor_defect\side_mirror_minor_defect_06_0386.jpg,side_mirror_minor_defect_06_0386.jpg,side_mirror,minor_defect,6,train,"[256, 256]"
train\minor_defect\side_mirror_minor_defect_07_0387.jpg,side_mirror_minor_defect_07_0387.jpg,side_mirror,minor_defect,7,train,"[256, 256]"
train\minor_defect\side_mirror_minor_defect_11_0391.jpg,side_mirror_minor_defect_11_0391.jpg,side_mirror,minor_defect,11,train,"[256, 256]"
train\minor_defect\side_mirror_minor_defect_12_0392.jpg,side_mirror_minor_defect_12_0392.jpg,side_mirror,minor_defect,12,train,"[256, 256]"
train\minor_defect\side_mirror_minor_defect_13_0393.jpg,side_mirror_minor_defect_13_0393.jpg,side_mirror,minor_defect,13,train,"[256, 256]"
train\minor_defect\side_mirror_minor_defect_14_0394.jpg,side_mirror_minor_defect_14_0394.jpg,side_mirror,minor_defect,14,train,"[256, 256]"
train\minor_defect\side_mirror_minor_defect_15_0395.jpg,side_mirror_minor_defect_15_0395.jpg,side_mirror,minor_defect,15,train,"[256, 256]"
train\minor_defect\side_mirror_minor_defect_16_0396.jpg,side_mirror_minor_defect_16_0396.jpg,side_mirror,minor_defect,16,train,"[256, 256]"
train\minor_defect\side_mirror_minor_defect_17_0397.jpg,side_mirror_minor_defect_17_0397.jpg,side_mirror,minor_defect,17,train,"[256, 256]"
train\minor_defect\side_mirror_minor_defect_18_0398.jpg,side_mirror_minor_defect_18_0398.jpg,side_mirror,minor_defect,18,train,"[256, 256]"
train\minor_defect\side_mirror_minor_defect_19_0399.jpg,side_mirror_minor_defect_19_0399.jpg,side_mirror,minor_defect,19,train,"[256, 256]"
train\minor_defect\trunk_minor_defect_00_0440.jpg,trunk_minor_defect_00_0440.jpg,trunk,minor_defect,0,train,"[256, 256]"
train\minor_defect\trunk_minor_defect_02_0442.jpg,trunk_minor_defect_02_0442.jpg,trunk,minor_defect,2,train,"[256, 256]"
train\minor_defect\trunk_minor_defect_06_0446.jpg,trunk_minor_defect_06_0446.jpg,trunk,minor_defect,6,train,"[256, 256]"
train\minor_defect\trunk_minor_defect_07_0447.jpg,trunk_minor_defect_07_0447.jpg,trunk,minor_defect,7,train,"[256, 256]"
train\minor_defect\trunk_minor_defect_09_0449.jpg,trunk_minor_defect_09_0449.jpg,trunk,minor_defect,9,train,"[256, 256]"
train\minor_defect\trunk_minor_defect_11_0451.jpg,trunk_minor_defect_11_0451.jpg,trunk,minor_defect,11,train,"[256, 256]"
train\minor_defect\trunk_minor_defect_12_0452.jpg,trunk_minor_defect_12_0452.jpg,trunk,minor_defect,12,train,"[256, 256]"
train\minor_defect\trunk_minor_defect_13_0453.jpg,trunk_minor_defect_13_0453.jpg,trunk,minor_defect,13,train,"[256, 256]"
train\minor_defect\trunk_minor_defect_14_0454.jpg,trunk_minor_defect_14_0454.jpg,trunk,minor_defect,14,train,"[256, 256]"
train\minor_defect\trunk_minor_defect_16_0456.jpg,trunk_minor_defect_16_0456.jpg,trunk,minor_defect,16,train,"[256, 256]"
train\minor_defect\trunk_minor_defect_17_0457.jpg,trunk_minor_defect_17_0457.jpg,trunk,minor_defect,17,train,"[256, 256]"
train\minor_defect\trunk_minor_defect_18_0458.jpg,trunk_minor_defect_18_0458.jpg,trunk,minor_defect,18,train,"[256, 256]"
train\minor_defect\trunk_minor_defect_19_0459.jpg,trunk_minor_defect_19_0459.jpg,trunk,minor_defect,19,train,"[256, 256]"
train\minor_defect\wheel_minor_defect_05_0325.jpg,wheel_minor_defect_05_0325.jpg,wheel,minor_defect,5,train,"[256, 256]"
train\minor_defect\wheel_minor_defect_11_0331.jpg,wheel_minor_defect_11_0331.jpg,wheel,minor_defect,11,train,"[256, 256]"
train\minor_defect\wheel_minor_defect_13_0333.jpg,wheel_minor_defect_13_0333.jpg,wheel,minor_defect,13,train,"[256, 256]"
train\minor_defect\wheel_minor_defect_18_0338.jpg,wheel_minor_defect_18_0338.jpg,wheel,minor_defect,18,train,"[256, 256]"
train\minor_defect\whole_car_minor_defect_01_0561.jpg,whole_car_minor_defect_01_0561.jpg,whole_car,minor_defect,1,train,"[256, 256]"
train\minor_defect\whole_car_minor_defect_02_0562.jpg,whole_car_minor_defect_02_0562.jpg,whole_car,minor_defect,2,train,"[256, 256]"
train\minor_defect\whole_car_minor_defect_06_0566.jpg,whole_car_minor_defect_06_0566.jpg,whole_car,minor_defect,6,train,"[256, 256]"
train\minor_defect\whole_car_minor_defect_10_0570.jpg,whole_car_minor_defect_10_0570.jpg,whole_car,minor_defect,10,train,"[256, 256]"
train\minor_defect\whole_car_minor_defect_11_0571.jpg,whole_car_minor_defect_11_0571.jpg,whole_car,minor_defect,11,train,"[256, 256]"
train\minor_defect\whole_car_minor_defect_12_0572.jpg,whole_car_minor_defect_12_0572.jpg,whole_car,minor_defect,12,train,"[256, 256]"
train\minor_defect\whole_car_minor_defect_14_0574.jpg,whole_car_minor_defect_14_0574.jpg,whole_car,minor_defect,14,train,"[256, 256]"
train\minor_defect\whole_car_minor_defect_16_0576.jpg,whole_car_minor_defect_16_0576.jpg,whole_car,minor_defect,16,train,"[256, 256]"
train\minor_defect\whole_car_minor_defect_18_0578.jpg,whole_car_minor_defect_18_0578.jpg,whole_car,minor_defect,18,train,"[256, 256]"
train\minor_defect\whole_car_minor_defect_19_0579.jpg,whole_car_minor_defect_19_0579.jpg,whole_car,minor_defect,19,train,"[256, 256]"
train\minor_defect\whole_car_no_mechanical_minor_defect_02_0622.jpg,whole_car_no_mechanical_minor_defect_02_0622.jpg,whole_car_no_mechanical,minor_defect,2,train,"[256, 256]"
train\minor_defect\whole_car_no_mechanical_minor_defect_04_0624.jpg,whole_car_no_mechanical_minor_defect_04_0624.jpg,whole_car_no_mechanical,minor_defect,4,train,"[256, 256]"
train\minor_defect\whole_car_no_mechanical_minor_defect_05_0625.jpg,whole_car_no_mechanical_minor_defect_05_0625.jpg,whole_car_no_mechanical,minor_defect,5,train,"[256, 256]"
train\minor_defect\whole_car_no_mechanical_minor_defect_06_0626.jpg,whole_car_no_mechanical_minor_defect_06_0626.jpg,whole_car_no_mechanical,minor_defect,6,train,"[256, 256]"
train\minor_defect\whole_car_no_mechanical_minor_defect_07_0627.jpg,whole_car_no_mechanical_minor_defect_07_0627.jpg,whole_car_no_mechanical,minor_defect,7,train,"[256, 256]"
train\minor_defect\whole_car_no_mechanical_minor_defect_08_0628.jpg,whole_car_no_mechanical_minor_defect_08_0628.jpg,whole_car_no_mechanical,minor_defect,8,train,"[256, 256]"
train\minor_defect\whole_car_no_mechanical_minor_defect_11_0631.jpg,whole_car_no_mechanical_minor_defect_11_0631.jpg,whole_car_no_mechanical,minor_defect,11,train,"[256, 256]"
train\minor_defect\whole_car_no_mechanical_minor_defect_13_0633.jpg,whole_car_no_mechanical_minor_defect_13_0633.jpg,whole_car_no_mechanical,minor_defect,13,train,"[256, 256]"
train\minor_defect\whole_car_no_mechanical_minor_defect_14_0634.jpg,whole_car_no_mechanical_minor_defect_14_0634.jpg,whole_car_no_mechanical,minor_defect,14,train,"[256, 256]"
train\minor_defect\whole_car_no_mechanical_minor_defect_15_0635.jpg,whole_car_no_mechanical_minor_defect_15_0635.jpg,whole_car_no_mechanical,minor_defect,15,train,"[256, 256]"
train\minor_defect\whole_car_no_mechanical_minor_defect_16_0636.jpg,whole_car_no_mechanical_minor_defect_16_0636.jpg,whole_car_no_mechanical,minor_defect,16,train,"[256, 256]"
train\minor_defect\whole_car_no_mechanical_minor_defect_18_0638.jpg,whole_car_no_mechanical_minor_defect_18_0638.jpg,whole_car_no_mechanical,minor_defect,18,train,"[256, 256]"
train\minor_defect\whole_car_no_mechanical_minor_defect_19_0639.jpg,whole_car_no_mechanical_minor_defect_19_0639.jpg,whole_car_no_mechanical,minor_defect,19,train,"[256, 256]"
train\minor_defect\windshield_minor_defect_02_0262.jpg,windshield_minor_defect_02_0262.jpg,windshield,minor_defect,2,train,"[256, 256]"
train\minor_defect\windshield_minor_defect_03_0263.jpg,windshield_minor_defect_03_0263.jpg,windshield,minor_defect,3,train,"[256, 256]"
train\minor_defect\windshield_minor_defect_06_0266.jpg,windshield_minor_defect_06_0266.jpg,windshield,minor_defect,6,train,"[256, 256]"
train\minor_defect\windshield_minor_defect_08_0268.jpg,windshield_minor_defect_08_0268.jpg,windshield,minor_defect,8,train,"[256, 256]"
train\minor_defect\windshield_minor_defect_09_0269.jpg,windshield_minor_defect_09_0269.jpg,windshield,minor_defect,9,train,"[256, 256]"
train\minor_defect\windshield_minor_defect_11_0271.jpg,windshield_minor_defect_11_0271.jpg,windshield,minor_defect,11,train,"[256, 256]"
train\minor_defect\windshield_minor_defect_12_0272.jpg,windshield_minor_defect_12_0272.jpg,windshield,minor_defect,12,train,"[256, 256]"
train\minor_defect\windshield_minor_defect_14_0274.jpg,windshield_minor_defect_14_0274.jpg,windshield,minor_defect,14,train,"[256, 256]"
train\minor_defect\windshield_minor_defect_15_0275.jpg,windshield_minor_defect_15_0275.jpg,windshield,minor_defect,15,train,"[256, 256]"
train\minor_defect\windshield_minor_defect_16_0276.jpg,windshield_minor_defect_16_0276.jpg,windshield,minor_defect,16,train,"[256, 256]"
train\minor_defect\windshield_minor_defect_17_0277.jpg,windshield_minor_defect_17_0277.jpg,windshield,minor_defect,17,train,"[256, 256]"
train\minor_defect\windshield_minor_defect_18_0278.jpg,windshield_minor_defect_18_0278.jpg,windshield,minor_defect,18,train,"[256, 256]"
train\minor_defect\windshield_minor_defect_19_0279.jpg,windshield_minor_defect_19_0279.jpg,windshield,minor_defect,19,train,"[256, 256]"
train\no_defect\bumper_no_defect_00_0120.jpg,bumper_no_defect_00_0120.jpg,bumper,no_defect,0,train,"[256, 256]"
train\no_defect\bumper_no_defect_01_0121.jpg,bumper_no_defect_01_0121.jpg,bumper,no_defect,1,train,"[256, 256]"
train\no_defect\bumper_no_defect_02_0122.jpg,bumper_no_defect_02_0122.jpg,bumper,no_defect,2,train,"[256, 256]"
train\no_defect\bumper_no_defect_03_0123.jpg,bumper_no_defect_03_0123.jpg,bumper,no_defect,3,train,"[256, 256]"
train\no_defect\bumper_no_defect_04_0124.jpg,bumper_no_defect_04_0124.jpg,bumper,no_defect,4,train,"[256, 256]"
train\no_defect\bumper_no_defect_05_0125.jpg,bumper_no_defect_05_0125.jpg,bumper,no_defect,5,train,"[256, 256]"
train\no_defect\bumper_no_defect_06_0126.jpg,bumper_no_defect_06_0126.jpg,bumper,no_defect,6,train,"[256, 256]"
train\no_defect\bumper_no_defect_10_0130.jpg,bumper_no_defect_10_0130.jpg,bumper,no_defect,10,train,"[256, 256]"
train\no_defect\bumper_no_defect_11_0131.jpg,bumper_no_defect_11_0131.jpg,bumper,no_defect,11,train,"[256, 256]"
train\no_defect\bumper_no_defect_14_0134.jpg,bumper_no_defect_14_0134.jpg,bumper,no_defect,14,train,"[256, 256]"
train\no_defect\bumper_no_defect_15_0135.jpg,bumper_no_defect_15_0135.jpg,bumper,no_defect,15,train,"[256, 256]"
train\no_defect\bumper_no_defect_16_0136.jpg,bumper_no_defect_16_0136.jpg,bumper,no_defect,16,train,"[256, 256]"
train\no_defect\bumper_no_defect_17_0137.jpg,bumper_no_defect_17_0137.jpg,bumper,no_defect,17,train,"[256, 256]"
train\no_defect\bumper_no_defect_18_0138.jpg,bumper_no_defect_18_0138.jpg,bumper,no_defect,18,train,"[256, 256]"
train\no_defect\bumper_no_defect_19_0139.jpg,bumper_no_defect_19_0139.jpg,bumper,no_defect,19,train,"[256, 256]"
train\no_defect\door_no_defect_00_0000.jpg,door_no_defect_00_0000.jpg,door,no_defect,0,train,"[256, 256]"
train\no_defect\door_no_defect_01_0001.jpg,door_no_defect_01_0001.jpg,door,no_defect,1,train,"[256, 256]"
train\no_defect\door_no_defect_02_0002.jpg,door_no_defect_02_0002.jpg,door,no_defect,2,train,"[256, 256]"
train\no_defect\door_no_defect_03_0003.jpg,door_no_defect_03_0003.jpg,door,no_defect,3,train,"[256, 256]"
train\no_defect\door_no_defect_04_0004.jpg,door_no_defect_04_0004.jpg,door,no_defect,4,train,"[256, 256]"
train\no_defect\door_no_defect_05_0005.jpg,door_no_defect_05_0005.jpg,door,no_defect,5,train,"[256, 256]"
train\no_defect\door_no_defect_07_0007.jpg,door_no_defect_07_0007.jpg,door,no_defect,7,train,"[256, 256]"
train\no_defect\door_no_defect_08_0008.jpg,door_no_defect_08_0008.jpg,door,no_defect,8,train,"[256, 256]"
train\no_defect\door_no_defect_09_0009.jpg,door_no_defect_09_0009.jpg,door,no_defect,9,train,"[256, 256]"
train\no_defect\door_no_defect_10_0010.jpg,door_no_defect_10_0010.jpg,door,no_defect,10,train,"[256, 256]"
train\no_defect\door_no_defect_11_0011.jpg,door_no_defect_11_0011.jpg,door,no_defect,11,train,"[256, 256]"
train\no_defect\door_no_defect_12_0012.jpg,door_no_defect_12_0012.jpg,door,no_defect,12,train,"[256, 256]"
train\no_defect\door_no_defect_13_0013.jpg,door_no_defect_13_0013.jpg,door,no_defect,13,train,"[256, 256]"
train\no_defect\door_no_defect_14_0014.jpg,door_no_defect_14_0014.jpg,door,no_defect,14,train,"[256, 256]"
train\no_defect\door_no_defect_15_0015.jpg,door_no_defect_15_0015.jpg,door,no_defect,15,train,"[256, 256]"
train\no_defect\door_no_defect_16_0016.jpg,door_no_defect_16_0016.jpg,door,no_defect,16,train,"[256, 256]"
train\no_defect\door_no_defect_17_0017.jpg,door_no_defect_17_0017.jpg,door,no_defect,17,train,"[256, 256]"
train\no_defect\door_no_defect_19_0019.jpg,door_no_defect_19_0019.jpg,door,no_defect,19,train,"[256, 256]"
train\no_defect\fender_no_defect_00_0180.jpg,fender_no_defect_00_0180.jpg,fender,no_defect,0,train,"[256, 256]"
train\no_defect\fender_no_defect_01_0181.jpg,fender_no_defect_01_0181.jpg,fender,no_defect,1,train,"[256, 256]"
train\no_defect\fender_no_defect_03_0183.jpg,fender_no_defect_03_0183.jpg,fender,no_defect,3,train,"[256, 256]"
train\no_defect\fender_no_defect_04_0184.jpg,fender_no_defect_04_0184.jpg,fender,no_defect,4,train,"[256, 256]"
train\no_defect\fender_no_defect_05_0185.jpg,fender_no_defect_05_0185.jpg,fender,no_defect,5,train,"[256, 256]"
train\no_defect\fender_no_defect_07_0187.jpg,fender_no_defect_07_0187.jpg,fender,no_defect,7,train,"[256, 256]"
train\no_defect\fender_no_defect_08_0188.jpg,fender_no_defect_08_0188.jpg,fender,no_defect,8,train,"[256, 256]"
train\no_defect\fender_no_defect_09_0189.jpg,fender_no_defect_09_0189.jpg,fender,no_defect,9,train,"[256, 256]"
train\no_defect\fender_no_defect_10_0190.jpg,fender_no_defect_10_0190.jpg,fender,no_defect,10,train,"[256, 256]"
train\no_defect\fender_no_defect_11_0191.jpg,fender_no_defect_11_0191.jpg,fender,no_defect,11,train,"[256, 256]"
train\no_defect\fender_no_defect_12_0192.jpg,fender_no_defect_12_0192.jpg,fender,no_defect,12,train,"[256, 256]"
train\no_defect\fender_no_defect_14_0194.jpg,fender_no_defect_14_0194.jpg,fender,no_defect,14,train,"[256, 256]"
train\no_defect\fender_no_defect_16_0196.jpg,fender_no_defect_16_0196.jpg,fender,no_defect,16,train,"[256, 256]"
train\no_defect\fender_no_defect_17_0197.jpg,fender_no_defect_17_0197.jpg,fender,no_defect,17,train,"[256, 256]"
train\no_defect\headlight_no_defect_00_0480.jpg,headlight_no_defect_00_0480.jpg,headlight,no_defect,0,train,"[256, 256]"
train\no_defect\headlight_no_defect_01_0481.jpg,headlight_no_defect_01_0481.jpg,headlight,no_defect,1,train,"[256, 256]"
train\no_defect\headlight_no_defect_02_0482.jpg,headlight_no_defect_02_0482.jpg,headlight,no_defect,2,train,"[256, 256]"
train\no_defect\headlight_no_defect_03_0483.jpg,headlight_no_defect_03_0483.jpg,headlight,no_defect,3,train,"[256, 256]"
train\no_defect\headlight_no_defect_06_0486.jpg,headlight_no_defect_06_0486.jpg,headlight,no_defect,6,train,"[256, 256]"
train\no_defect\headlight_no_defect_07_0487.jpg,headlight_no_defect_07_0487.jpg,headlight,no_defect,7,train,"[256, 256]"
train\no_defect\headlight_no_defect_08_0488.jpg,headlight_no_defect_08_0488.jpg,headlight,no_defect,8,train,"[256, 256]"
train\no_defect\headlight_no_defect_09_0489.jpg,headlight_no_defect_09_0489.jpg,headlight,no_defect,9,train,"[256, 256]"
train\no_defect\headlight_no_defect_10_0490.jpg,headlight_no_defect_10_0490.jpg,headlight,no_defect,10,train,"[256, 256]"
train\no_defect\headlight_no_defect_11_0491.jpg,headlight_no_defect_11_0491.jpg,headlight,no_defect,11,train,"[256, 256]"
train\no_defect\headlight_no_defect_12_0492.jpg,headlight_no_defect_12_0492.jpg,headlight,no_defect,12,train,"[256, 256]"
train\no_defect\headlight_no_defect_13_0493.jpg,headlight_no_defect_13_0493.jpg,headlight,no_defect,13,train,"[256, 256]"
train\no_defect\headlight_no_defect_14_0494.jpg,headlight_no_defect_14_0494.jpg,headlight,no_defect,14,train,"[256, 256]"
train\no_defect\headlight_no_defect_15_0495.jpg,headlight_no_defect_15_0495.jpg,headlight,no_defect,15,train,"[256, 256]"
train\no_defect\headlight_no_defect_16_0496.jpg,headlight_no_defect_16_0496.jpg,headlight,no_defect,16,train,"[256, 256]"
train\no_defect\headlight_no_defect_17_0497.jpg,headlight_no_defect_17_0497.jpg,headlight,no_defect,17,train,"[256, 256]"
train\no_defect\headlight_no_defect_18_0498.jpg,headlight_no_defect_18_0498.jpg,headlight,no_defect,18,train,"[256, 256]"
train\no_defect\headlight_no_defect_19_0499.jpg,headlight_no_defect_19_0499.jpg,headlight,no_defect,19,train,"[256, 256]"
train\no_defect\hood_no_defect_01_0061.jpg,hood_no_defect_01_0061.jpg,hood,no_defect,1,train,"[256, 256]"
train\no_defect\hood_no_defect_02_0062.jpg,hood_no_defect_02_0062.jpg,hood,no_defect,2,train,"[256, 256]"
train\no_defect\hood_no_defect_03_0063.jpg,hood_no_defect_03_0063.jpg,hood,no_defect,3,train,"[256, 256]"
train\no_defect\hood_no_defect_05_0065.jpg,hood_no_defect_05_0065.jpg,hood,no_defect,5,train,"[256, 256]"
train\no_defect\hood_no_defect_06_0066.jpg,hood_no_defect_06_0066.jpg,hood,no_defect,6,train,"[256, 256]"
train\no_defect\hood_no_defect_07_0067.jpg,hood_no_defect_07_0067.jpg,hood,no_defect,7,train,"[256, 256]"
train\no_defect\hood_no_defect_08_0068.jpg,hood_no_defect_08_0068.jpg,hood,no_defect,8,train,"[256, 256]"
train\no_defect\hood_no_defect_09_0069.jpg,hood_no_defect_09_0069.jpg,hood,no_defect,9,train,"[256, 256]"
train\no_defect\hood_no_defect_10_0070.jpg,hood_no_defect_10_0070.jpg,hood,no_defect,10,train,"[256, 256]"
train\no_defect\hood_no_defect_13_0073.jpg,hood_no_defect_13_0073.jpg,hood,no_defect,13,train,"[256, 256]"
train\no_defect\hood_no_defect_14_0074.jpg,hood_no_defect_14_0074.jpg,hood,no_defect,14,train,"[256, 256]"
train\no_defect\hood_no_defect_15_0075.jpg,hood_no_defect_15_0075.jpg,hood,no_defect,15,train,"[256, 256]"
train\no_defect\hood_no_defect_17_0077.jpg,hood_no_defect_17_0077.jpg,hood,no_defect,17,train,"[256, 256]"
train\no_defect\hood_no_defect_18_0078.jpg,hood_no_defect_18_0078.jpg,hood,no_defect,18,train,"[256, 256]"
train\no_defect\hood_no_defect_19_0079.jpg,hood_no_defect_19_0079.jpg,hood,no_defect,19,train,"[256, 256]"
train\no_defect\roof_top_inside_no_defect_00_0660.jpg,roof_top_inside_no_defect_00_0660.jpg,roof_top_inside,no_defect,0,train,"[256, 256]"
train\no_defect\roof_top_inside_no_defect_01_0661.jpg,roof_top_inside_no_defect_01_0661.jpg,roof_top_inside,no_defect,1,train,"[256, 256]"
train\no_defect\roof_top_inside_no_defect_03_0663.jpg,roof_top_inside_no_defect_03_0663.jpg,roof_top_inside,no_defect,3,train,"[256, 256]"
train\no_defect\roof_top_inside_no_defect_04_0664.jpg,roof_top_inside_no_defect_04_0664.jpg,roof_top_inside,no_defect,4,train,"[256, 256]"
train\no_defect\roof_top_inside_no_defect_05_0665.jpg,roof_top_inside_no_defect_05_0665.jpg,roof_top_inside,no_defect,5,train,"[256, 256]"
train\no_defect\roof_top_inside_no_defect_06_0666.jpg,roof_top_inside_no_defect_06_0666.jpg,roof_top_inside,no_defect,6,train,"[256, 256]"
train\no_defect\roof_top_inside_no_defect_07_0667.jpg,roof_top_inside_no_defect_07_0667.jpg,roof_top_inside,no_defect,7,train,"[256, 256]"
train\no_defect\roof_top_inside_no_defect_08_0668.jpg,roof_top_inside_no_defect_08_0668.jpg,roof_top_inside,no_defect,8,train,"[256, 256]"
train\no_defect\roof_top_inside_no_defect_09_0669.jpg,roof_top_inside_no_defect_09_0669.jpg,roof_top_inside,no_defect,9,train,"[256, 256]"
train\no_defect\roof_top_inside_no_defect_10_0670.jpg,roof_top_inside_no_defect_10_0670.jpg,roof_top_inside,no_defect,10,train,"[256, 256]"
train\no_defect\roof_top_inside_no_defect_13_0673.jpg,roof_top_inside_no_defect_13_0673.jpg,roof_top_inside,no_defect,13,train,"[256, 256]"
train\no_defect\roof_top_inside_no_defect_14_0674.jpg,roof_top_inside_no_defect_14_0674.jpg,roof_top_inside,no_defect,14,train,"[256, 256]"
train\no_defect\roof_top_inside_no_defect_15_0675.jpg,roof_top_inside_no_defect_15_0675.jpg,roof_top_inside,no_defect,15,train,"[256, 256]"
train\no_defect\roof_top_inside_no_defect_16_0676.jpg,roof_top_inside_no_defect_16_0676.jpg,roof_top_inside,no_defect,16,train,"[256, 256]"
train\no_defect\roof_top_inside_no_defect_18_0678.jpg,roof_top_inside_no_defect_18_0678.jpg,roof_top_inside,no_defect,18,train,"[256, 256]"
train\no_defect\roof_top_inside_no_defect_19_0679.jpg,roof_top_inside_no_defect_19_0679.jpg,roof_top_inside,no_defect,19,train,"[256, 256]"
train\no_defect\roof_top_outside_no_defect_00_0720.jpg,roof_top_outside_no_defect_00_0720.jpg,roof_top_outside,no_defect,0,train,"[256, 256]"
train\no_defect\roof_top_outside_no_defect_03_0723.jpg,roof_top_outside_no_defect_03_0723.jpg,roof_top_outside,no_defect,3,train,"[256, 256]"
train\no_defect\roof_top_outside_no_defect_06_0726.jpg,roof_top_outside_no_defect_06_0726.jpg,roof_top_outside,no_defect,6,train,"[256, 256]"
train\no_defect\roof_top_outside_no_defect_07_0727.jpg,roof_top_outside_no_defect_07_0727.jpg,roof_top_outside,no_defect,7,train,"[256, 256]"
train\no_defect\roof_top_outside_no_defect_08_0728.jpg,roof_top_outside_no_defect_08_0728.jpg,roof_top_outside,no_defect,8,train,"[256, 256]"
train\no_defect\roof_top_outside_no_defect_09_0729.jpg,roof_top_outside_no_defect_09_0729.jpg,roof_top_outside,no_defect,9,train,"[256, 256]"
train\no_defect\roof_top_outside_no_defect_10_0730.jpg,roof_top_outside_no_defect_10_0730.jpg,roof_top_outside,no_defect,10,train,"[256, 256]"
train\no_defect\roof_top_outside_no_defect_11_0731.jpg,roof_top_outside_no_defect_11_0731.jpg,roof_top_outside,no_defect,11,train,"[256, 256]"
train\no_defect\roof_top_outside_no_defect_13_0733.jpg,roof_top_outside_no_defect_13_0733.jpg,roof_top_outside,no_defect,13,train,"[256, 256]"
train\no_defect\roof_top_outside_no_defect_14_0734.jpg,roof_top_outside_no_defect_14_0734.jpg,roof_top_outside,no_defect,14,train,"[256, 256]"
train\no_defect\roof_top_outside_no_defect_15_0735.jpg,roof_top_outside_no_defect_15_0735.jpg,roof_top_outside,no_defect,15,train,"[256, 256]"
train\no_defect\roof_top_outside_no_defect_16_0736.jpg,roof_top_outside_no_defect_16_0736.jpg,roof_top_outside,no_defect,16,train,"[256, 256]"
train\no_defect\roof_top_outside_no_defect_17_0737.jpg,roof_top_outside_no_defect_17_0737.jpg,roof_top_outside,no_defect,17,train,"[256, 256]"
train\no_defect\roof_top_outside_no_defect_18_0738.jpg,roof_top_outside_no_defect_18_0738.jpg,roof_top_outside,no_defect,18,train,"[256, 256]"
train\no_defect\roof_top_outside_no_defect_19_0739.jpg,roof_top_outside_no_defect_19_0739.jpg,roof_top_outside,no_defect,19,train,"[256, 256]"
train\no_defect\side_mirror_no_defect_00_0360.jpg,side_mirror_no_defect_00_0360.jpg,side_mirror,no_defect,0,train,"[256, 256]"
train\no_defect\side_mirror_no_defect_01_0361.jpg,side_mirror_no_defect_01_0361.jpg,side_mirror,no_defect,1,train,"[256, 256]"
train\no_defect\side_mirror_no_defect_02_0362.jpg,side_mirror_no_defect_02_0362.jpg,side_mirror,no_defect,2,train,"[256, 256]"
train\no_defect\side_mirror_no_defect_03_0363.jpg,side_mirror_no_defect_03_0363.jpg,side_mirror,no_defect,3,train,"[256, 256]"
train\no_defect\side_mirror_no_defect_04_0364.jpg,side_mirror_no_defect_04_0364.jpg,side_mirror,no_defect,4,train,"[256, 256]"
train\no_defect\side_mirror_no_defect_05_0365.jpg,side_mirror_no_defect_05_0365.jpg,side_mirror,no_defect,5,train,"[256, 256]"
train\no_defect\side_mirror_no_defect_06_0366.jpg,side_mirror_no_defect_06_0366.jpg,side_mirror,no_defect,6,train,"[256, 256]"
train\no_defect\side_mirror_no_defect_07_0367.jpg,side_mirror_no_defect_07_0367.jpg,side_mirror,no_defect,7,train,"[256, 256]"
train\no_defect\side_mirror_no_defect_08_0368.jpg,side_mirror_no_defect_08_0368.jpg,side_mirror,no_defect,8,train,"[256, 256]"
train\no_defect\side_mirror_no_defect_10_0370.jpg,side_mirror_no_defect_10_0370.jpg,side_mirror,no_defect,10,train,"[256, 256]"
train\no_defect\side_mirror_no_defect_11_0371.jpg,side_mirror_no_defect_11_0371.jpg,side_mirror,no_defect,11,train,"[256, 256]"
train\no_defect\side_mirror_no_defect_12_0372.jpg,side_mirror_no_defect_12_0372.jpg,side_mirror,no_defect,12,train,"[256, 256]"
train\no_defect\side_mirror_no_defect_13_0373.jpg,side_mirror_no_defect_13_0373.jpg,side_mirror,no_defect,13,train,"[256, 256]"
train\no_defect\side_mirror_no_defect_14_0374.jpg,side_mirror_no_defect_14_0374.jpg,side_mirror,no_defect,14,train,"[256, 256]"
train\no_defect\side_mirror_no_defect_15_0375.jpg,side_mirror_no_defect_15_0375.jpg,side_mirror,no_defect,15,train,"[256, 256]"
train\no_defect\side_mirror_no_defect_16_0376.jpg,side_mirror_no_defect_16_0376.jpg,side_mirror,no_defect,16,train,"[256, 256]"
train\no_defect\side_mirror_no_defect_17_0377.jpg,side_mirror_no_defect_17_0377.jpg,side_mirror,no_defect,17,train,"[256, 256]"
train\no_defect\side_mirror_no_defect_18_0378.jpg,side_mirror_no_defect_18_0378.jpg,side_mirror,no_defect,18,train,"[256, 256]"
train\no_defect\trunk_no_defect_00_0420.jpg,trunk_no_defect_00_0420.jpg,trunk,no_defect,0,train,"[256, 256]"
train\no_defect\trunk_no_defect_01_0421.jpg,trunk_no_defect_01_0421.jpg,trunk,no_defect,1,train,"[256, 256]"
train\no_defect\trunk_no_defect_02_0422.jpg,trunk_no_defect_02_0422.jpg,trunk,no_defect,2,train,"[256, 256]"
train\no_defect\trunk_no_defect_03_0423.jpg,trunk_no_defect_03_0423.jpg,trunk,no_defect,3,train,"[256, 256]"
train\no_defect\trunk_no_defect_04_0424.jpg,trunk_no_defect_04_0424.jpg,trunk,no_defect,4,train,"[256, 256]"
train\no_defect\trunk_no_defect_05_0425.jpg,trunk_no_defect_05_0425.jpg,trunk,no_defect,5,train,"[256, 256]"
train\no_defect\trunk_no_defect_06_0426.jpg,trunk_no_defect_06_0426.jpg,trunk,no_defect,6,train,"[256, 256]"
train\no_defect\trunk_no_defect_07_0427.jpg,trunk_no_defect_07_0427.jpg,trunk,no_defect,7,train,"[256, 256]"
train\no_defect\trunk_no_defect_08_0428.jpg,trunk_no_defect_08_0428.jpg,trunk,no_defect,8,train,"[256, 256]"
train\no_defect\trunk_no_defect_09_0429.jpg,trunk_no_defect_09_0429.jpg,trunk,no_defect,9,train,"[256, 256]"
train\no_defect\trunk_no_defect_10_0430.jpg,trunk_no_defect_10_0430.jpg,trunk,no_defect,10,train,"[256, 256]"
train\no_defect\trunk_no_defect_11_0431.jpg,trunk_no_defect_11_0431.jpg,trunk,no_defect,11,train,"[256, 256]"
train\no_defect\trunk_no_defect_12_0432.jpg,trunk_no_defect_12_0432.jpg,trunk,no_defect,12,train,"[256, 256]"
train\no_defect\trunk_no_defect_14_0434.jpg,trunk_no_defect_14_0434.jpg,trunk,no_defect,14,train,"[256, 256]"
train\no_defect\trunk_no_defect_15_0435.jpg,trunk_no_defect_15_0435.jpg,trunk,no_defect,15,train,"[256, 256]"
train\no_defect\trunk_no_defect_16_0436.jpg,trunk_no_defect_16_0436.jpg,trunk,no_defect,16,train,"[256, 256]"
train\no_defect\trunk_no_defect_18_0438.jpg,trunk_no_defect_18_0438.jpg,trunk,no_defect,18,train,"[256, 256]"
train\no_defect\wheel_no_defect_01_0301.jpg,wheel_no_defect_01_0301.jpg,wheel,no_defect,1,train,"[256, 256]"
train\no_defect\wheel_no_defect_03_0303.jpg,wheel_no_defect_03_0303.jpg,wheel,no_defect,3,train,"[256, 256]"
train\no_defect\wheel_no_defect_04_0304.jpg,wheel_no_defect_04_0304.jpg,wheel,no_defect,4,train,"[256, 256]"
train\no_defect\wheel_no_defect_05_0305.jpg,wheel_no_defect_05_0305.jpg,wheel,no_defect,5,train,"[256, 256]"
train\no_defect\wheel_no_defect_06_0306.jpg,wheel_no_defect_06_0306.jpg,wheel,no_defect,6,train,"[256, 256]"
train\no_defect\wheel_no_defect_08_0308.jpg,wheel_no_defect_08_0308.jpg,wheel,no_defect,8,train,"[256, 256]"
train\no_defect\wheel_no_defect_11_0311.jpg,wheel_no_defect_11_0311.jpg,wheel,no_defect,11,train,"[256, 256]"
train\no_defect\wheel_no_defect_12_0312.jpg,wheel_no_defect_12_0312.jpg,wheel,no_defect,12,train,"[256, 256]"
train\no_defect\wheel_no_defect_13_0313.jpg,wheel_no_defect_13_0313.jpg,wheel,no_defect,13,train,"[256, 256]"
train\no_defect\wheel_no_defect_14_0314.jpg,wheel_no_defect_14_0314.jpg,wheel,no_defect,14,train,"[256, 256]"
train\no_defect\wheel_no_defect_16_0316.jpg,wheel_no_defect_16_0316.jpg,wheel,no_defect,16,train,"[256, 256]"
train\no_defect\wheel_no_defect_17_0317.jpg,wheel_no_defect_17_0317.jpg,wheel,no_defect,17,train,"[256, 256]"
train\no_defect\wheel_no_defect_18_0318.jpg,wheel_no_defect_18_0318.jpg,wheel,no_defect,18,train,"[256, 256]"
train\no_defect\whole_car_no_defect_02_0542.jpg,whole_car_no_defect_02_0542.jpg,whole_car,no_defect,2,train,"[256, 256]"
train\no_defect\whole_car_no_defect_03_0543.jpg,whole_car_no_defect_03_0543.jpg,whole_car,no_defect,3,train,"[256, 256]"
train\no_defect\whole_car_no_defect_04_0544.jpg,whole_car_no_defect_04_0544.jpg,whole_car,no_defect,4,train,"[256, 256]"
train\no_defect\whole_car_no_defect_05_0545.jpg,whole_car_no_defect_05_0545.jpg,whole_car,no_defect,5,train,"[256, 256]"
train\no_defect\whole_car_no_defect_07_0547.jpg,whole_car_no_defect_07_0547.jpg,whole_car,no_defect,7,train,"[256, 256]"
train\no_defect\whole_car_no_defect_08_0548.jpg,whole_car_no_defect_08_0548.jpg,whole_car,no_defect,8,train,"[256, 256]"
train\no_defect\whole_car_no_defect_09_0549.jpg,whole_car_no_defect_09_0549.jpg,whole_car,no_defect,9,train,"[256, 256]"
train\no_defect\whole_car_no_defect_10_0550.jpg,whole_car_no_defect_10_0550.jpg,whole_car,no_defect,10,train,"[256, 256]"
train\no_defect\whole_car_no_defect_11_0551.jpg,whole_car_no_defect_11_0551.jpg,whole_car,no_defect,11,train,"[256, 256]"
train\no_defect\whole_car_no_defect_12_0552.jpg,whole_car_no_defect_12_0552.jpg,whole_car,no_defect,12,train,"[256, 256]"
train\no_defect\whole_car_no_defect_13_0553.jpg,whole_car_no_defect_13_0553.jpg,whole_car,no_defect,13,train,"[256, 256]"
train\no_defect\whole_car_no_defect_15_0555.jpg,whole_car_no_defect_15_0555.jpg,whole_car,no_defect,15,train,"[256, 256]"
train\no_defect\whole_car_no_defect_16_0556.jpg,whole_car_no_defect_16_0556.jpg,whole_car,no_defect,16,train,"[256, 256]"
train\no_defect\whole_car_no_defect_18_0558.jpg,whole_car_no_defect_18_0558.jpg,whole_car,no_defect,18,train,"[256, 256]"
train\no_defect\whole_car_no_defect_19_0559.jpg,whole_car_no_defect_19_0559.jpg,whole_car,no_defect,19,train,"[256, 256]"
train\no_defect\whole_car_no_mechanical_no_defect_00_0600.jpg,whole_car_no_mechanical_no_defect_00_0600.jpg,whole_car_no_mechanical,no_defect,0,train,"[256, 256]"
train\no_defect\whole_car_no_mechanical_no_defect_01_0601.jpg,whole_car_no_mechanical_no_defect_01_0601.jpg,whole_car_no_mechanical,no_defect,1,train,"[256, 256]"
train\no_defect\whole_car_no_mechanical_no_defect_02_0602.jpg,whole_car_no_mechanical_no_defect_02_0602.jpg,whole_car_no_mechanical,no_defect,2,train,"[256, 256]"
train\no_defect\whole_car_no_mechanical_no_defect_03_0603.jpg,whole_car_no_mechanical_no_defect_03_0603.jpg,whole_car_no_mechanical,no_defect,3,train,"[256, 256]"
train\no_defect\whole_car_no_mechanical_no_defect_04_0604.jpg,whole_car_no_mechanical_no_defect_04_0604.jpg,whole_car_no_mechanical,no_defect,4,train,"[256, 256]"
train\no_defect\whole_car_no_mechanical_no_defect_05_0605.jpg,whole_car_no_mechanical_no_defect_05_0605.jpg,whole_car_no_mechanical,no_defect,5,train,"[256, 256]"
train\no_defect\whole_car_no_mechanical_no_defect_06_0606.jpg,whole_car_no_mechanical_no_defect_06_0606.jpg,whole_car_no_mechanical,no_defect,6,train,"[256, 256]"
train\no_defect\whole_car_no_mechanical_no_defect_07_0607.jpg,whole_car_no_mechanical_no_defect_07_0607.jpg,whole_car_no_mechanical,no_defect,7,train,"[256, 256]"
train\no_defect\whole_car_no_mechanical_no_defect_08_0608.jpg,whole_car_no_mechanical_no_defect_08_0608.jpg,whole_car_no_mechanical,no_defect,8,train,"[256, 256]"
train\no_defect\whole_car_no_mechanical_no_defect_09_0609.jpg,whole_car_no_mechanical_no_defect_09_0609.jpg,whole_car_no_mechanical,no_defect,9,train,"[256, 256]"
train\no_defect\whole_car_no_mechanical_no_defect_10_0610.jpg,whole_car_no_mechanical_no_defect_10_0610.jpg,whole_car_no_mechanical,no_defect,10,train,"[256, 256]"
train\no_defect\whole_car_no_mechanical_no_defect_11_0611.jpg,whole_car_no_mechanical_no_defect_11_0611.jpg,whole_car_no_mechanical,no_defect,11,train,"[256, 256]"
train\no_defect\whole_car_no_mechanical_no_defect_12_0612.jpg,whole_car_no_mechanical_no_defect_12_0612.jpg,whole_car_no_mechanical,no_defect,12,train,"[256, 256]"
train\no_defect\whole_car_no_mechanical_no_defect_13_0613.jpg,whole_car_no_mechanical_no_defect_13_0613.jpg,whole_car_no_mechanical,no_defect,13,train,"[256, 256]"
train\no_defect\whole_car_no_mechanical_no_defect_14_0614.jpg,whole_car_no_mechanical_no_defect_14_0614.jpg,whole_car_no_mechanical,no_defect,14,train,"[256, 256]"
train\no_defect\whole_car_no_mechanical_no_defect_15_0615.jpg,whole_car_no_mechanical_no_defect_15_0615.jpg,whole_car_no_mechanical,no_defect,15,train,"[256, 256]"
train\no_defect\whole_car_no_mechanical_no_defect_16_0616.jpg,whole_car_no_mechanical_no_defect_16_0616.jpg,whole_car_no_mechanical,no_defect,16,train,"[256, 256]"
train\no_defect\whole_car_no_mechanical_no_defect_17_0617.jpg,whole_car_no_mechanical_no_defect_17_0617.jpg,whole_car_no_mechanical,no_defect,17,train,"[256, 256]"
train\no_defect\whole_car_no_mechanical_no_defect_18_0618.jpg,whole_car_no_mechanical_no_defect_18_0618.jpg,whole_car_no_mechanical,no_defect,18,train,"[256, 256]"
train\no_defect\whole_car_no_mechanical_no_defect_19_0619.jpg,whole_car_no_mechanical_no_defect_19_0619.jpg,whole_car_no_mechanical,no_defect,19,train,"[256, 256]"
train\no_defect\windshield_no_defect_00_0240.jpg,windshield_no_defect_00_0240.jpg,windshield,no_defect,0,train,"[256, 256]"
train\no_defect\windshield_no_defect_01_0241.jpg,windshield_no_defect_01_0241.jpg,windshield,no_defect,1,train,"[256, 256]"
train\no_defect\windshield_no_defect_02_0242.jpg,windshield_no_defect_02_0242.jpg,windshield,no_defect,2,train,"[256, 256]"
train\no_defect\windshield_no_defect_04_0244.jpg,windshield_no_defect_04_0244.jpg,windshield,no_defect,4,train,"[256, 256]"
train\no_defect\windshield_no_defect_05_0245.jpg,windshield_no_defect_05_0245.jpg,windshield,no_defect,5,train,"[256, 256]"
train\no_defect\windshield_no_defect_06_0246.jpg,windshield_no_defect_06_0246.jpg,windshield,no_defect,6,train,"[256, 256]"
train\no_defect\windshield_no_defect_07_0247.jpg,windshield_no_defect_07_0247.jpg,windshield,no_defect,7,train,"[256, 256]"
train\no_defect\windshield_no_defect_08_0248.jpg,windshield_no_defect_08_0248.jpg,windshield,no_defect,8,train,"[256, 256]"
train\no_defect\windshield_no_defect_09_0249.jpg,windshield_no_defect_09_0249.jpg,windshield,no_defect,9,train,"[256, 256]"
train\no_defect\windshield_no_defect_10_0250.jpg,windshield_no_defect_10_0250.jpg,windshield,no_defect,10,train,"[256, 256]"
train\no_defect\windshield_no_defect_11_0251.jpg,windshield_no_defect_11_0251.jpg,windshield,no_defect,11,train,"[256, 256]"
train\no_defect\windshield_no_defect_12_0252.jpg,windshield_no_defect_12_0252.jpg,windshield,no_defect,12,train,"[256, 256]"
train\no_defect\windshield_no_defect_13_0253.jpg,windshield_no_defect_13_0253.jpg,windshield,no_defect,13,train,"[256, 256]"
train\no_defect\windshield_no_defect_16_0256.jpg,windshield_no_defect_16_0256.jpg,windshield,no_defect,16,train,"[256, 256]"
train\no_defect\windshield_no_defect_17_0257.jpg,windshield_no_defect_17_0257.jpg,windshield,no_defect,17,train,"[256, 256]"
train\no_defect\windshield_no_defect_18_0258.jpg,windshield_no_defect_18_0258.jpg,windshield,no_defect,18,train,"[256, 256]"
